Date ,Day,Month,Year,Quarter,series ,OPEN ,HIGH ,LOW ,PREV. CLOSE ,ltp ,close ,vwap ,52W H ,52W L ,VOLUME ,No of trades 
28-Mar-25,Fri,March,2025,Q1,EQ,2376,2386.95,2293.7,2363.35,2316.65,2315.8,2330.66,3743.9,2025,1838836,70667
27-Mar-25,Thu,March,2025,Q1,EQ,2310,2373.9,2291.6,2312.6,2363,2363.35,2332.26,3743.9,2025,1696042,81185
26-Mar-25,Wed,March,2025,Q1,EQ,2324.9,2359.85,2308.05,2320.35,2314,2312.6,2332.77,3743.9,2025,1078870,58779
25-Mar-25,Tue,March,2025,Q1,EQ,2385,2387.65,2315.1,2368.7,2319.5,2320.35,2339.21,3743.9,2025,763065,46534
24-Mar-25,Mon,March,2025,Q1,EQ,2370,2395,2361.1,2362.8,2370,2368.7,2376.2,3743.9,2025,1010184,39593
21-Mar-25,Fri,March,2025,Q1,EQ,2343.8,2389.55,2338,2339.3,2365,2362.8,2365.79,3743.9,2025,1101418,55299
20-Mar-25,Thu,March,2025,Q1,EQ,2348,2348,2299,2318.65,2338.05,2339.3,2330.01,3743.9,2025,2587051,55254
19-Mar-25,Wed,March,2025,Q1,EQ,2319.95,2342,2311.05,2308.5,2316.9,2318.65,2324.68,3743.9,2025,1030345,42002
18-Mar-25,Tue,March,2025,Q1,EQ,2274,2314.2,2259.75,2252.7,2304.55,2308.5,2291.19,3743.9,2025,878007,47968
17-Mar-25,Mon,March,2025,Q1,EQ,2200,2286.9,2198,2221.1,2251,2252.7,2255.72,3743.9,2025,927737,52613
13-Mar-25,Thu,March,2025,Q1,EQ,2249,2273,2215.6,2241.8,2222.45,2221.1,2237.9,3743.9,2025,750310,52311
12-Mar-25,Wed,March,2025,Q1,EQ,2270,2280,2180.95,2250.6,2236,2241.8,2230.69,3743.9,2025,1049076,56794
11-Mar-25,Tue,March,2025,Q1,EQ,2223.15,2267.85,2208.3,2228.3,2252.65,2250.6,2251.19,3743.9,2025,947079,54661
10-Mar-25,Mon,March,2025,Q1,EQ,2245,2288,2220,2247.5,2224.4,2228.3,2258.17,3743.9,2025,940113,57381
07-Mar-25,Fri,March,2025,Q1,EQ,2249.95,2267.65,2227,2252.85,2249.5,2247.5,2247.94,3743.9,2025,818806,44934
06-Mar-25,Thu,March,2025,Q1,EQ,2260,2268.9,2226.15,2245.85,2251,2252.85,2250.92,3743.9,2025,890270,81763
05-Mar-25,Wed,March,2025,Q1,EQ,2153.95,2258.4,2148.05,2144.8,2242,2245.85,2219.6,3743.9,2025,1370106,81480
04-Mar-25,Tue,March,2025,Q1,EQ,2085.1,2154,2080,2117.1,2147.6,2144.8,2133.91,3743.9,2025,852978,56864
03-Mar-25,Mon,March,2025,Q1,EQ,2109,2127.25,2026.55,2096,2122,2117.1,2078.96,3743.9,2025,1592611,105782
28-Feb-25,Fri,February,2025,Q1,EQ,2107,2111.35,2072,2110.95,2097.55,2096,2093.84,3743.9,2025,2373922,99109
27-Feb-25,Thu,February,2025,Q1,EQ,2143.75,2149.1,2102.5,2129.85,2108,2110.95,2122.6,3743.9,2025,941950,63169
25-Feb-25,Tue,February,2025,Q1,EQ,2115.15,2158.3,2102,2115.15,2130,2129.85,2137.55,3743.9,2025,802131,56102
24-Feb-25,Mon,February,2025,Q1,EQ,2128.95,2138.5,2096.7,2133.1,2114.9,2115.15,2116.22,3743.9,2025,1032294,73399
21-Feb-25,Fri,February,2025,Q1,EQ,2190.45,2199.6,2116.85,2179,2125,2133.1,2152.24,3743.9,2025,1540308,85375
20-Feb-25,Thu,February,2025,Q1,EQ,2180.8,2216.35,2156.8,2180.8,2178,2179,2187.58,3743.9,2025,1086670,74127
19-Feb-25,Wed,February,2025,Q1,EQ,2166,2219.4,2127,2220.3,2177,2180.8,2187.51,3743.9,2025,1203163,77627
18-Feb-25,Tue,February,2025,Q1,EQ,2240,2240,2166.05,2223.7,2213.05,2220.3,2199.31,3743.9,2025,1138090,75933
17-Feb-25,Mon,February,2025,Q1,EQ,2152.65,2240.4,2110.65,2152.65,2237.3,2223.7,2180.52,3743.9,2025,1400160,101955
14-Feb-25,Fri,February,2025,Q1,EQ,2245.7,2249.3,2124.55,2244.7,2149,2152.65,2173.43,3743.9,2025,2550043,151036
13-Feb-25,Thu,February,2025,Q1,EQ,2354,2372.75,2233.4,2353.45,2237.45,2244.7,2296.2,3743.9,2025,2551940,133317
12-Feb-25,Wed,February,2025,Q1,EQ,2325,2378.45,2281,2321.75,2357,2353.45,2330.04,3743.9,2025,1933098,117486
11-Feb-25,Tue,February,2025,Q1,EQ,2312,2397,2306,2290.8,2321,2321.75,2356.84,3743.9,2025,4895456,217468
10-Feb-25,Mon,February,2025,Q1,EQ,2350,2350.95,2280.1,2338.8,2287,2290.8,2299.96,3743.9,2025,739708,48267
07-Feb-25,Fri,February,2025,Q1,EQ,2312.45,2374.9,2307.35,2312.45,2340,2338.8,2340.71,3743.9,2025,892900,65292
06-Feb-25,Thu,February,2025,Q1,EQ,2340,2340,2298.2,2324.6,2309,2312.45,2313.94,3743.9,2025,680544,56800
05-Feb-25,Wed,February,2025,Q1,EQ,2314.95,2349.4,2309.05,2301.5,2326.8,2324.6,2325.6,3743.9,2025,560940,43537
04-Feb-25,Tue,February,2025,Q1,EQ,2278.9,2312,2267.55,2261.85,2303.25,2301.5,2295.26,3743.9,2025,691187,55343
03-Feb-25,Mon,February,2025,Q1,EQ,2266.75,2279,2213.9,2270,2266.9,2261.85,2247.6,3743.9,2025,824942,63131
01-Feb-25,Sat,February,2025,Q1,EQ,2297,2351.45,2237.55,2287.8,2269.95,2270,2290.99,3743.9,2025,987362,60333
31-Jan-25,Fri,January,2025,Q1,EQ,2238.85,2314.95,2213.75,2252.6,2297,2287.8,2280.98,3743.9,2025,2013345,96876
30-Jan-25,Thu,January,2025,Q1,EQ,2325,2351.5,2201.3,2318.6,2247.9,2252.6,2267.93,3743.9,2025,2601625,146148
29-Jan-25,Wed,January,2025,Q1,EQ,2297,2326.25,2282.6,2286.05,2321.8,2318.6,2311.65,3743.9,2025,785220,54577
28-Jan-25,Tue,January,2025,Q1,EQ,2274.2,2315.85,2242,2259.7,2293.5,2286.05,2280.67,3743.9,2025,966497,68907
27-Jan-25,Mon,January,2025,Q1,EQ,2310.05,2318.1,2250.05,2315.1,2259.05,2259.7,2283.92,3743.9,2025,1032995,70412
24-Jan-25,Fri,January,2025,Q1,EQ,2387.75,2406,2299.4,2385,2314.05,2315.1,2350.05,3743.9,2025,1388583,82631
23-Jan-25,Thu,January,2025,Q1,EQ,2383,2405.15,2355,2376.55,2376.3,2385,2383.47,3743.9,2025,826721,57688
22-Jan-25,Wed,January,2025,Q1,EQ,2399,2399,2325.15,2384.3,2377,2376.55,2350.04,3743.9,2025,1147334,70492
21-Jan-25,Tue,January,2025,Q1,EQ,2441.75,2441.75,2373.65,2442.8,2375,2384.3,2398.89,3743.9,2025,1206512,75686
20-Jan-25,Mon,January,2025,Q1,EQ,2413.75,2454,2390,2399.8,2434.1,2442.8,2424.85,3743.9,2025,1039435,62157
17-Jan-25,Fri,January,2025,Q1,EQ,2450,2450,2380.05,2427.85,2399.5,2399.8,2404.16,3743.9,2025,1122205,72852
16-Jan-25,Thu,January,2025,Q1,EQ,2500,2570,2418.85,2388.15,2433,2427.85,2461.44,3743.9,2025,2841803,169165
15-Jan-25,Wed,January,2025,Q1,EQ,2399,2421.95,2372.65,2380.55,2377.7,2388.15,2394.1,3743.9,2025,1421437,89565
14-Jan-25,Tue,January,2025,Q1,EQ,2241.5,2422.9,2241.5,2225.15,2382,2380.55,2370.68,3743.9,2025,4120705,239191
13-Jan-25,Mon,January,2025,Q1,EQ,2365,2365,2216.9,2374.4,2227,2225.15,2280.87,3743.9,2025,1559903,104906
10-Jan-25,Fri,January,2025,Q1,EQ,2480,2484.6,2368.25,2477.9,2380.1,2374.4,2407.11,3743.9,2025,1418808,108945
09-Jan-25,Thu,January,2025,Q1,EQ,2517,2517.55,2469.5,2515.25,2484.85,2477.9,2487.61,3743.9,2025,705838,60127
08-Jan-25,Wed,January,2025,Q1,EQ,2520.55,2530,2490,2520.55,2511.2,2515.25,2509.14,3743.9,2025,879641,74141
07-Jan-25,Tue,January,2025,Q1,EQ,2474.65,2525,2474.65,2474.45,2524.8,2520.55,2510.58,3743.9,2025,1019131,69952
06-Jan-25,Mon,January,2025,Q1,EQ,2557.65,2568.85,2463.5,2564.6,2472,2474.45,2497.27,3743.9,2025,1121398,88877
03-Jan-25,Fri,January,2025,Q1,EQ,2580,2619,2556.6,2597.7,2562,2564.6,2589.16,3743.9,2025,932795,52144
02-Jan-25,Thu,January,2025,Q1,EQ,2565.7,2602,2537,2554.85,2587.85,2597.7,2569.89,3743.9,2025,1167236,73015
01-Jan-25,Wed,January,2025,Q1,EQ,2536,2644.2,2518.25,2528.65,2545.9,2554.85,2561.31,3743.9,2025,2875721,140672
31-Dec-24,Tue,December,2024,Q4,EQ,2575,2577.75,2507.45,2592.35,2530,2528.65,2531.14,3743.9,2025,2745674,124232
30-Dec-24,Mon,December,2024,Q4,EQ,2425,2610,2421.95,2409.95,2585,2592.35,2549.07,3743.9,2025,7825097,338992
27-Dec-24,Fri,December,2024,Q4,EQ,2415,2446.15,2390.5,2400.25,2420,2409.95,2421,3743.9,2025,1982291,73559
26-Dec-24,Thu,December,2024,Q4,EQ,2378.05,2410,2368,2372.45,2401,2400.25,2389.27,3743.9,2025,895785,63476
24-Dec-24,Tue,December,2024,Q4,EQ,2355.2,2412.9,2340,2338.95,2372,2372.45,2381.05,3743.9,2025,1156186,70017
23-Dec-24,Mon,December,2024,Q4,EQ,2373.95,2379.5,2332.75,2344.95,2346,2338.95,2351.63,3743.9,2025,758920,54920
20-Dec-24,Fri,December,2024,Q4,EQ,2429,2453.85,2333,2419.35,2349.2,2344.95,2403.77,3743.9,2025,1337016,75322
19-Dec-24,Thu,December,2024,Q4,EQ,2429,2434,2397.1,2457.4,2421.95,2419.35,2417.59,3743.9,2025,1181898,74211
18-Dec-24,Wed,December,2024,Q4,EQ,2489,2496.6,2452,2487.6,2459.55,2457.4,2469.89,3743.9,2025,990217,56893
17-Dec-24,Tue,December,2024,Q4,EQ,2512,2525,2480.75,2512.4,2488.85,2487.6,2503.41,3743.9,2025,1061891,52797
16-Dec-24,Mon,December,2024,Q4,EQ,2530,2537.5,2503,2527.55,2507,2512.4,2518.05,3743.9,2025,654321,39040
13-Dec-24,Fri,December,2024,Q4,EQ,2504,2545,2479.05,2504.1,2527,2527.55,2516.13,3743.9,2025,1940935,86754
12-Dec-24,Thu,December,2024,Q4,EQ,2457,2534.8,2446.25,2457.25,2504,2504.1,2500.62,3743.9,2025,2579624,136426
11-Dec-24,Wed,December,2024,Q4,EQ,2469,2480,2451,2467.2,2455,2457.25,2461.57,3743.9,2025,712674,43901
10-Dec-24,Tue,December,2024,Q4,EQ,2501,2501,2455,2495.85,2467.5,2467.2,2473.87,3743.9,2025,1119844,56796
09-Dec-24,Mon,December,2024,Q4,EQ,2507.9,2526,2483.15,2506.4,2494.8,2495.85,2503.59,3743.9,2025,958369,53488
06-Dec-24,Fri,December,2024,Q4,EQ,2520,2535,2502.5,2522.55,2504.9,2506.4,2517.43,3743.9,2025,1240437,56172
05-Dec-24,Thu,December,2024,Q4,EQ,2505,2538.15,2470.25,2494.75,2520.9,2522.55,2504.4,3743.9,2025,3333144,160996
04-Dec-24,Wed,December,2024,Q4,EQ,2528,2530.05,2470.1,2514.2,2485,2494.75,2496.08,3743.9,2025,2344949,110526
03-Dec-24,Tue,December,2024,Q4,EQ,2464,2558,2462.05,2457.05,2511,2514.2,2510.57,3743.9,2025,4070042,160160
02-Dec-24,Mon,December,2024,Q4,EQ,2491.35,2508,2426.6,2463.15,2452.1,2457.05,2456.14,3743.9,2025,3807565,154130
29-Nov-24,Fri,November,2024,Q4,EQ,2464.05,2520,2400,2437.1,2457,2463.15,2460.36,3743.9,2025,8191680,315730
28-Nov-24,Thu,November,2024,Q4,EQ,2440,2526.3,2400,2397.8,2437,2437.1,2467.73,3743.9,2025,14445549,590705
27-Nov-24,Wed,November,2024,Q4,EQ,2180,2418,2142.15,2150.5,2399,2397.8,2324.71,3743.9,2025,17502156,620492
26-Nov-24,Tue,November,2024,Q4,EQ,2265.6,2292.85,2136,2257.5,2166.85,2150.5,2189.62,3743.9,2025,7723187,316539
25-Nov-24,Mon,November,2024,Q4,EQ,2315,2333.65,2238,2228,2265.2,2257.5,2295.02,3743.9,2025,7466733,252789
22-Nov-24,Fri,November,2024,Q4,EQ,2101,2289.7,2025,2183.65,2229.9,2228,2188.51,3743.9,2025,20939196,711465
21-Nov-24,Thu,November,2024,Q4,EQ,2539.35,2539.35,2155.05,2821.5,2160,2183.65,2254.3,3743.9,2142,21796668,792663
19-Nov-24,Tue,November,2024,Q4,EQ,2831,2894.8,2809.8,2818.7,2817,2821.5,2858.6,3743.9,2142,536296,44585
18-Nov-24,Mon,November,2024,Q4,EQ,2826.8,2858.65,2793.3,2826.8,2820,2818.7,2825.41,3743.9,2142,489692,42870
14-Nov-24,Thu,November,2024,Q4,EQ,2824,2844.8,2801,2816.7,2820,2826.8,2823.39,3743.9,2142,646797,66067
13-Nov-24,Wed,November,2024,Q4,EQ,2860,2889,2808,2870,2817,2816.7,2840.32,3743.9,2142,890146,67503
12-Nov-24,Tue,November,2024,Q4,EQ,2910,2930.45,2855,2903.65,2860,2870,2895.5,3743.9,2142,597231,53386
11-Nov-24,Mon,November,2024,Q4,EQ,2928,2946.8,2888,2929.1,2903,2903.65,2915.81,3743.9,2142,584144,44808
08-Nov-24,Fri,November,2024,Q4,EQ,2965.1,2995,2911.25,2970.1,2920,2929.1,2947.35,3743.9,2142,835641,49840
07-Nov-24,Thu,November,2024,Q4,EQ,3045,3045,2943.05,3046.25,2962.65,2970.1,2968.25,3743.9,2142,1285585,84570
06-Nov-24,Wed,November,2024,Q4,EQ,2918,3070,2918,2915.55,3046.25,3046.25,3010.7,3743.9,2142,1676755,99615
05-Nov-24,Tue,November,2024,Q4,EQ,2897.4,2924,2870,2897.4,2917.55,2915.55,2898.85,3743.9,2142,752303,59721
04-Nov-24,Mon,November,2024,Q4,EQ,2935,2943,2857.75,2949.5,2890,2897.4,2895.82,3743.9,2142,1059384,87457
01-Nov-24,Fri,November,2024,Q4,EQ,2960,2975.6,2928.4,2947.25,2941.05,2949.5,2957.08,3743.9,2142,304673,13462
31-Oct-24,Thu,October,2024,Q4,EQ,2967.9,2976.5,2933.85,2969.3,2948.95,2947.25,2950.81,3743.9,2142,1156390,82267
30-Oct-24,Wed,October,2024,Q4,EQ,2864,2997.15,2815.05,2848.6,2955,2969.3,2944.04,3743.9,2142,2884272,145520
29-Oct-24,Tue,October,2024,Q4,EQ,2803,2863.05,2732.85,2798.65,2842,2848.6,2808.68,3743.9,2142,1529844,100647
28-Oct-24,Mon,October,2024,Q4,EQ,2701.1,2822.4,2672.1,2693.45,2803,2798.65,2777.6,3743.9,2142,1385033,89897
25-Oct-24,Fri,October,2024,Q4,EQ,2845,2847,2654.7,2830.2,2691.5,2693.45,2716.52,3743.9,2142,1954174,125219
24-Oct-24,Thu,October,2024,Q4,EQ,2841.05,2875.15,2807.9,2835.55,2828.15,2830.2,2837.19,3743.9,2142,942066,63401
23-Oct-24,Wed,October,2024,Q4,EQ,2840.85,2879,2820.1,2823.8,2829.9,2835.55,2850.63,3743.9,2142,1270530,74396
22-Oct-24,Tue,October,2024,Q4,EQ,2938,2955,2818,2937.65,2840.9,2823.8,2860.67,3743.9,2142,1209732,99927
21-Oct-24,Mon,October,2024,Q4,EQ,3005.15,3014.95,2916.95,3002,2932,2937.65,2949.2,3743.9,2142,1051690,69473
18-Oct-24,Fri,October,2024,Q4,EQ,2990,3031.7,2968.1,3013.75,2999.95,3002,3001.38,3743.9,2142,796339,47617
17-Oct-24,Thu,October,2024,Q4,EQ,3089.95,3100,2993,3085.9,3005,3013.75,3032.31,3743.9,2142,2655289,68030
16-Oct-24,Wed,October,2024,Q4,EQ,3098,3115.4,3061,3104.7,3078,3085.9,3089.06,3743.9,2142,543476,44391
15-Oct-24,Tue,October,2024,Q4,EQ,3124,3128,3091.5,3101.1,3103.25,3104.7,3107.21,3743.9,2142,371613,35471
14-Oct-24,Mon,October,2024,Q4,EQ,3145,3150.1,3092.85,3137.2,3098.85,3101.1,3120.61,3743.9,2142,437728,34403
11-Oct-24,Fri,October,2024,Q4,EQ,3174.2,3190,3116,3174.2,3129.95,3137.2,3149.22,3743.9,2142,1035260,72560
10-Oct-24,Thu,October,2024,Q4,EQ,3140,3211,3056.1,3153.75,3194.8,3174.2,3120.45,3743.9,2142,2905725,151256
09-Oct-24,Wed,October,2024,Q4,EQ,3175,3179.95,3134.4,3160.7,3152.4,3153.75,3155.44,3743.9,2142,897335,60904
08-Oct-24,Tue,October,2024,Q4,EQ,3018.5,3170,2994.85,3018,3166.95,3160.7,3110.96,3743.9,2142,1776511,98514
07-Oct-24,Mon,October,2024,Q4,EQ,3110.65,3128.5,2980.45,3110.65,3011,3018,3029.34,3743.9,2142,1743454,99490
04-Oct-24,Fri,October,2024,Q4,EQ,3119.9,3149.5,3070,3116,3110,3110.65,3110.13,3743.9,2142,987583,58703
03-Oct-24,Thu,October,2024,Q4,EQ,3150,3196.35,3084.1,3186.1,3116.7,3116,3130.54,3743.9,2142,1309703,83884
01-Oct-24,Tue,October,2024,Q4,EQ,3136.3,3192,3107,3135.85,3183,3186.1,3156.94,3743.9,2142,1367116,66641
30-Sep-24,Mon,September,2024,Q3,EQ,3129,3209.9,3120.4,3130.3,3131,3135.85,3158.97,3743.9,2142,1607429,92240
27-Sep-24,Fri,September,2024,Q3,EQ,3122,3179,3116,3122.65,3137.65,3130.3,3134.82,3743.9,2142,2297441,83714
26-Sep-24,Thu,September,2024,Q3,EQ,3085,3148,3085,3105.1,3115,3122.65,3117.31,3743.9,2142,1548019,83624
25-Sep-24,Wed,September,2024,Q3,EQ,3108,3123.9,3080.2,3093.9,3101.05,3105.1,3100.01,3743.9,2142,913008,57019
24-Sep-24,Tue,September,2024,Q3,EQ,3055,3101,3040.25,3043.95,3100.45,3093.9,3072.82,3743.9,2142,1021918,53383
23-Sep-24,Mon,September,2024,Q3,EQ,3020,3070,3015.25,3008.5,3035,3043.95,3046.7,3743.9,2142,897314,66944
20-Sep-24,Fri,September,2024,Q3,EQ,2948.15,3025,2942.05,2943.15,3005.8,3008.5,3000.83,3743.9,2142,1787210,76536
19-Sep-24,Thu,September,2024,Q3,EQ,2975.05,2975.25,2890.35,2956.3,2941,2943.15,2930.13,3743.9,2142,1655401,79202
18-Sep-24,Wed,September,2024,Q3,EQ,2976,2984.75,2935,2975.2,2957,2956.3,2959.83,3743.9,2142,831891,37955
17-Sep-24,Tue,September,2024,Q3,EQ,2990.05,2995.9,2952.5,2984.9,2975,2975.2,2971.05,3743.9,2142,698700,44150
16-Sep-24,Mon,September,2024,Q3,EQ,2972,3026.4,2972,2968.35,2982,2984.9,3000.63,3743.9,2142,695162,44149
13-Sep-24,Fri,September,2024,Q3,EQ,2972,3001.95,2956.05,2991,2965.35,2968.35,2974.23,3743.9,2142,815948,46440
12-Sep-24,Thu,September,2024,Q3,EQ,2950,3000,2917.15,2937.85,2980.9,2991,2962.52,3743.9,2142,1314173,89512
11-Sep-24,Wed,September,2024,Q3,EQ,2985,2992.95,2928,2986.4,2940,2937.85,2958.05,3743.9,2142,888628,54027
10-Sep-24,Tue,September,2024,Q3,EQ,2971.6,3007.4,2947.6,2964.15,2986,2986.4,2975.72,3743.9,2142,803782,55050
09-Sep-24,Mon,September,2024,Q3,EQ,2972.1,2972.5,2927.3,2975.45,2968,2964.15,2953.73,3743.9,2142,1523581,75178
06-Sep-24,Fri,September,2024,Q3,EQ,3019,3025,2968,3015.35,2972.1,2975.45,2990.04,3743.9,2142,1251165,75683
05-Sep-24,Thu,September,2024,Q3,EQ,3025,3037.9,3002,3012.35,3012,3015.35,3015.88,3743.9,2142,734273,45054
04-Sep-24,Wed,September,2024,Q3,EQ,3010,3025,2955.2,3036.1,3013.5,3012.35,3005.91,3743.9,2142,1212270,51072
03-Sep-24,Tue,September,2024,Q3,EQ,3037,3053.05,3023.8,3042.15,3035.95,3036.1,3036.89,3743.9,2142,1371577,43530
02-Sep-24,Mon,September,2024,Q3,EQ,3021.1,3059.15,2997.6,3019.35,3039,3042.15,3025.26,3743.9,2142,1842658,73749
30-Aug-24,Fri,August,2024,Q3,EQ,3030,3038.55,3003.3,3020.15,3033,3019.35,3019.69,3743.9,2142,3509174,77468
29-Aug-24,Thu,August,2024,Q3,EQ,3030,3041.95,2981.3,3028,3022,3020.15,3007.33,3743.9,2142,1853966,100949
28-Aug-24,Wed,August,2024,Q3,EQ,3078,3078,3022.1,3067.1,3028,3028,3041.32,3743.9,2142,1569652,62349
27-Aug-24,Tue,August,2024,Q3,EQ,3072.2,3095.75,3064,3069,3067,3067.1,3078.59,3743.9,2142,1310440,43632
26-Aug-24,Mon,August,2024,Q3,EQ,3088,3090,3055,3076.35,3069.8,3069,3069.89,3743.9,2142,1632446,73150
23-Aug-24,Fri,August,2024,Q3,EQ,3101,3123,3067.6,3099.05,3079.45,3076.35,3088.57,3743.9,2142,1375224,61780
22-Aug-24,Thu,August,2024,Q3,EQ,3130.75,3150,3091,3115.7,3099.55,3099.05,3122.8,3743.9,2142,1378912,53089
21-Aug-24,Wed,August,2024,Q3,EQ,3070.65,3153.3,3068.4,3070.65,3117,3115.7,3110.53,3743.9,2142,1379240,56394
20-Aug-24,Tue,August,2024,Q3,EQ,3118.95,3126,3058.85,3102.55,3071,3070.65,3084.66,3743.9,2142,662263,42615
19-Aug-24,Mon,August,2024,Q3,EQ,3122.05,3134.3,3092.95,3108.8,3107,3102.55,3113.97,3743.9,2142,557265,35313
16-Aug-24,Fri,August,2024,Q3,EQ,3070,3121.6,3039.35,3040.1,3109,3108.8,3079.35,3743.9,2142,970067,54922
14-Aug-24,Wed,August,2024,Q3,EQ,3085.7,3085.7,3027.75,3092.2,3036.25,3040.1,3051.52,3743.9,2142,1232383,70048
13-Aug-24,Tue,August,2024,Q3,EQ,3170.05,3178.1,3081.75,3151.75,3085.7,3092.2,3120.8,3743.9,2142,2192588,89159
12-Aug-24,Mon,August,2024,Q3,EQ,3100,3169.85,3014,3187.55,3140.9,3151.75,3101.13,3743.9,2142,10307245,368244
09-Aug-24,Fri,August,2024,Q3,EQ,3209,3219.3,3171.05,3167.55,3186.5,3187.55,3193.28,3743.9,2142,760165,43358
08-Aug-24,Thu,August,2024,Q3,EQ,3190.55,3242.65,3156.55,3185.95,3172.55,3167.55,3194.74,3743.9,2142,2139376,107274
07-Aug-24,Wed,August,2024,Q3,EQ,3118,3190,3112,3072.7,3186.45,3185.95,3163.01,3743.9,2142,1868169,74727
06-Aug-24,Tue,August,2024,Q3,EQ,3084,3142.8,3057.25,3038.2,3078.25,3072.7,3108,3743.9,2142,2125201,124189
05-Aug-24,Mon,August,2024,Q3,EQ,3085,3133.05,2996.3,3160.9,3024,3038.2,3062.45,3743.9,2142,2238921,139819
02-Aug-24,Fri,August,2024,Q3,EQ,3200,3215,3111,3217.25,3161.4,3160.9,3174.06,3743.9,2142,3360209,149926
01-Aug-24,Thu,August,2024,Q3,EQ,3180,3258,3151.7,3169.4,3225.1,3217.25,3212.46,3743.9,2142,6149883,234840
31-Jul-24,Wed,July,2024,Q3,EQ,3141,3197.5,3135,3128.75,3168,3169.4,3171.25,3743.9,2142,2414005,113298
30-Jul-24,Tue,July,2024,Q3,EQ,3092,3155,3066.65,3089.35,3133,3128.75,3120.89,3743.9,2142,1647048,98232
29-Jul-24,Mon,July,2024,Q3,EQ,3094.3,3120.35,3074,3080.5,3088.4,3089.35,3097.85,3743.9,2142,1037474,68832
26-Jul-24,Fri,July,2024,Q3,EQ,2995,3109,2988.1,2973.5,3072.25,3080.5,3066.52,3743.9,2142,1942427,111808
25-Jul-24,Thu,July,2024,Q3,EQ,2960.7,3017.65,2945.1,2970.7,2995,2973.5,2980.02,3743.9,2142,1105721,75405
24-Jul-24,Wed,July,2024,Q3,EQ,2995.35,3007.5,2959.3,2995.35,2968.8,2970.7,2980.98,3743.9,2142,693702,54185
23-Jul-24,Tue,July,2024,Q3,EQ,3020,3038,2886.35,3000.85,2999.4,2995.35,2989.95,3743.9,2142,1443331,103491
22-Jul-24,Mon,July,2024,Q3,EQ,3005.7,3026.9,2972.15,3005.7,3000,3000.85,3002.66,3743.9,2142,662085,50675
19-Jul-24,Fri,July,2024,Q3,EQ,3092,3094.5,3000,3092.2,3007.95,3005.7,3033.24,3743.9,2142,1026941,68966
18-Jul-24,Thu,July,2024,Q3,EQ,3106,3111,3057.15,3109.3,3090,3092.2,3083.68,3743.9,2142,1021653,80772
16-Jul-24,Tue,July,2024,Q3,EQ,3110,3137.75,3096.1,3090.4,3106.5,3109.3,3115.88,3743.9,2142,988357,60074
15-Jul-24,Mon,July,2024,Q3,EQ,3066.1,3103.5,3058.35,3065.45,3091,3090.4,3081.16,3743.9,2142,724174,44784
12-Jul-24,Fri,July,2024,Q3,EQ,3090,3098.8,3058.35,3078.3,3066,3065.45,3075.05,3743.9,2142,756036,51794
11-Jul-24,Thu,July,2024,Q3,EQ,3118.7,3129.8,3074.1,3096,3087,3078.3,3097.76,3743.9,2142,899781,85332
10-Jul-24,Wed,July,2024,Q3,EQ,3120.1,3127.25,3063.4,3110.75,3093.9,3096,3097.88,3743.9,2142,586710,44240
09-Jul-24,Tue,July,2024,Q3,EQ,3115.95,3158,3100.5,3113.6,3112,3110.75,3125.4,3743.9,2142,922403,57330
08-Jul-24,Mon,July,2024,Q3,EQ,3147.9,3158.2,3075,3147.9,3112,3113.6,3104.41,3743.9,2142,1155112,84099
05-Jul-24,Fri,July,2024,Q3,EQ,3143.9,3158.55,3123.95,3144.25,3146.15,3147.9,3143.96,3743.9,2142,663988,42349
04-Jul-24,Thu,July,2024,Q3,EQ,3192,3194.45,3138.05,3190.95,3143.9,3144.25,3156.24,3743.9,2142,1055391,72430
03-Jul-24,Wed,July,2024,Q3,EQ,3158,3194.55,3147.75,3153.2,3185,3190.95,3170.61,3743.9,2142,1152522,56436
02-Jul-24,Tue,July,2024,Q3,EQ,3179.85,3207.8,3131.05,3183.8,3150,3153.2,3169.46,3743.9,2142,1490844,93900
01-Jul-24,Mon,July,2024,Q3,EQ,3179.95,3193.15,3157.55,3177.15,3180,3183.8,3175.58,3743.9,2142,832170,54965
28-Jun-24,Fri,June,2024,Q2,EQ,3190,3211.95,3157,3175.15,3174,3177.15,3184.74,3743.9,2142,960905,51717
27-Jun-24,Thu,June,2024,Q2,EQ,3177,3202.25,3150,3170.5,3175,3175.15,3170.85,3743.9,2142,5114980,153131
26-Jun-24,Wed,June,2024,Q2,EQ,3169.05,3187.7,3163.9,3171.1,3169,3170.5,3174.21,3743.9,2142,2142889,58917
25-Jun-24,Tue,June,2024,Q2,EQ,3204.75,3208.45,3156.35,3194.6,3169.05,3171.1,3175.93,3743.9,2142,1694962,58570
24-Jun-24,Mon,June,2024,Q2,EQ,3185.75,3214.8,3135,3189.3,3193.95,3194.6,3191.57,3743.9,2142,3261647,107805
21-Jun-24,Fri,June,2024,Q2,EQ,3265.05,3277.1,3176.4,3259.45,3192.8,3189.3,3205.27,3743.9,2142,4697655,160462
20-Jun-24,Thu,June,2024,Q2,EQ,3263.9,3315,3240,3261.9,3261.95,3259.45,3279.03,3743.9,2142,1366545,97561
19-Jun-24,Wed,June,2024,Q2,EQ,3314,3314,3226.3,3309.05,3264.25,3261.9,3259.86,3743.9,2142,1419264,84944
18-Jun-24,Tue,June,2024,Q2,EQ,3310,3345,3287.2,3261.75,3310.95,3309.05,3311.54,3743.9,2142,1755612,107419
14-Jun-24,Fri,June,2024,Q2,EQ,3225,3275,3221.1,3224.8,3269,3261.75,3252.79,3743.9,2142,4224855,98091
13-Jun-24,Thu,June,2024,Q2,EQ,3230,3254,3207.25,3219.05,3222.25,3224.8,3221.11,3743.9,2142,3202978,96083
12-Jun-24,Wed,June,2024,Q2,EQ,3224.9,3245,3208,3221.25,3209,3219.05,3226.61,3743.9,2142,3022477,74328
11-Jun-24,Tue,June,2024,Q2,EQ,3224,3265,3195.05,3220.1,3215,3221.25,3235.16,3743.9,2142,4173692,121200
10-Jun-24,Mon,June,2024,Q2,EQ,3267,3284.4,3205.5,3219.55,3212.3,3220.1,3247.8,3743.9,2142,4935698,152562
07-Jun-24,Fri,June,2024,Q2,EQ,3170.4,3233.75,3151.6,3185.65,3222.5,3219.55,3207.35,3743.9,2142,4740455,146457
06-Jun-24,Thu,June,2024,Q2,EQ,3184,3222.4,3137.15,3115.35,3181.6,3185.65,3186.26,3743.9,2142,5873271,278600
05-Jun-24,Wed,June,2024,Q2,EQ,3030,3150,2750,2941.25,3093,3115.35,2958.33,3743.9,2142,8778345,612958
04-Jun-24,Tue,June,2024,Q2,EQ,3520,3520,2733.95,3645.25,2950,2941.25,3136.46,3743.9,2142,20306909,848267
03-Jun-24,Mon,June,2024,Q2,EQ,3725,3743.9,3586.05,3411.35,3660.1,3645.25,3659.12,3743.9,2142,8511359,414787
31-May-24,Fri,May,2024,Q2,EQ,3225.25,3434.45,3225.25,3194.25,3416,3411.35,3359.45,3457.85,2142,6384589,290001
30-May-24,Thu,May,2024,Q2,EQ,3254,3274.3,3174.5,3258.8,3209.9,3194.25,3219.99,3457.85,2142,1990208,112565
29-May-24,Wed,May,2024,Q2,EQ,3250,3322.9,3212,3244.05,3255,3258.8,3270.3,3457.85,2142,1910729,98310
28-May-24,Tue,May,2024,Q2,EQ,3309.65,3329.5,3229.05,3289.05,3239,3244.05,3282.72,3457.85,2142,1621168,95508
27-May-24,Mon,May,2024,Q2,EQ,3358,3358,3267.05,3384.95,3295.05,3289.05,3307.4,3457.85,2142,2582485,140021
24-May-24,Fri,May,2024,Q2,EQ,3406,3457.85,3355.6,3387.3,3381,3384.95,3409.34,3457.85,1983.4,3473668,179402
23-May-24,Thu,May,2024,Q2,EQ,3156.7,3406,3135.55,3140.95,3398.2,3387.3,3302.83,3406,1983.4,6979082,327015
22-May-24,Wed,May,2024,Q2,EQ,3129.95,3145,3073.5,3117.5,3137,3140.95,3121.08,3350,1983.4,3371077,95242
21-May-24,Tue,May,2024,Q2,EQ,3067.9,3175,3034.5,3059.75,3110,3117.5,3123.72,3350,1983.4,3091659,135865
18-May-24,Sat,May,2024,Q2,EQ,3074,3074,3055,3060.5,3061,3059.75,3064.28,3350,1857.75,74336,5248
17-May-24,Fri,May,2024,Q2,EQ,3041.05,3091,3015.5,3041.65,3057,3060.5,3053.08,3350,1857.75,825436,74283
16-May-24,Thu,May,2024,Q2,EQ,3065,3076.95,2974.95,3049.75,3034.05,3041.65,3022.05,3350,1857.75,1835312,144012
15-May-24,Wed,May,2024,Q2,EQ,3046.75,3118.85,3037.6,3037.55,3047,3049.75,3074.65,3350,1857.75,1688836,93983
14-May-24,Tue,May,2024,Q2,EQ,2894.95,3046,2874.55,2879.6,3035,3037.55,2995.85,3350,1857.75,5725807,196967
13-May-24,Mon,May,2024,Q2,EQ,2803,2890,2790.5,2797.25,2888.85,2879.6,2839.27,3350,1857.75,3784373,115926
10-May-24,Fri,May,2024,Q2,EQ,2794.95,2809,2760.45,2766.65,2803.9,2797.25,2791.48,3350,1857.75,2354794,79999
09-May-24,Thu,May,2024,Q2,EQ,2864.8,2883.65,2756,2860.55,2765,2766.65,2814.22,3350,1857.75,1485510,116557
08-May-24,Wed,May,2024,Q2,EQ,2850,2890.9,2820,2835.95,2862,2860.55,2860.65,3350,1857.75,951411,57225
07-May-24,Tue,May,2024,Q2,EQ,2889.95,2905.35,2822,2874.65,2839,2835.95,2857.91,3350,1857.75,1262311,73865
06-May-24,Mon,May,2024,Q2,EQ,2993.25,3000.2,2850,2993.25,2872,2874.65,2890.39,3350,1857.75,2377944,126554
03-May-24,Fri,May,2024,Q2,EQ,3030,3045,2975.1,3039.6,2990,2993.25,3007.11,3350,1785.35,1472168,93663
02-May-24,Thu,May,2024,Q2,EQ,3071.95,3119.85,3015.05,3054.7,3029,3039.6,3065.29,3350,1785.35,2219085,169345
30-Apr-24,Tue,April,2024,Q2,EQ,3094,3108.45,3045,3081.2,3052.5,3054.7,3074.15,3350,1785.35,804552,50263
29-Apr-24,Mon,April,2024,Q2,EQ,3110,3110.5,3051.5,3080.4,3080,3081.2,3079,3350,1785.35,648544,51392
26-Apr-24,Fri,April,2024,Q2,EQ,3119.9,3129.9,3066.05,3115.25,3089,3080.4,3090.2,3350,1775.8,662764,51695
25-Apr-24,Thu,April,2024,Q2,EQ,3050,3120.9,3025.65,3043.55,3115,3115.25,3078.5,3350,1775.8,1515529,103832
24-Apr-24,Wed,April,2024,Q2,EQ,3071.95,3087.85,3040,3065.1,3042.9,3043.55,3066.42,3350,1775.8,605917,36665
23-Apr-24,Tue,April,2024,Q2,EQ,3059,3091,3043.1,3063.35,3058,3065.1,3066.74,3350,1775.8,1654272,61219
22-Apr-24,Mon,April,2024,Q2,EQ,3053,3077.5,3025,3026.95,3072.25,3063.35,3050.24,3350,1775.8,993929,51253
19-Apr-24,Fri,April,2024,Q2,EQ,3000,3057.05,2962.5,3019.3,3032,3026.95,3020.56,3350,1775.8,1727317,91721
18-Apr-24,Thu,April,2024,Q2,EQ,3125.15,3145,3008.3,3106.4,3035,3019.3,3095.25,3350,1775.8,1703646,106820
16-Apr-24,Tue,April,2024,Q2,EQ,3101,3149.2,3100,3147.45,3108,3106.4,3119.45,3350,1775.8,1134184,48602
15-Apr-24,Mon,April,2024,Q2,EQ,3150,3180.3,3103.2,3209.9,3149.95,3147.45,3143.46,3350,1775.8,1035378,73457
12-Apr-24,Fri,April,2024,Q2,EQ,3210,3247.5,3205.3,3242,3215,3209.9,3221.01,3350,1760.6,705173,40387
10-Apr-24,Wed,April,2024,Q2,EQ,3200,3254.6,3192.5,3198.45,3245,3242,3231.43,3350,1760.6,1441138,55670
09-Apr-24,Tue,April,2024,Q2,EQ,3240.7,3251,3185,3224.55,3202.6,3198.45,3214.28,3350,1760.6,833679,38430
08-Apr-24,Mon,April,2024,Q2,EQ,3240.95,3243.5,3197.2,3224.8,3236,3224.55,3216.9,3350,1760.6,577440,37073
05-Apr-24,Fri,April,2024,Q2,EQ,3211.1,3234,3178.95,3210.8,3217.9,3224.8,3215.34,3350,1671.55,755607,37497
04-Apr-24,Thu,April,2024,Q2,EQ,3250,3273,3201.7,3233.45,3220,3210.8,3234.57,3350,1671.55,1403826,99323
03-Apr-24,Wed,April,2024,Q2,EQ,3250,3260.15,3222,3268.75,3238,3233.45,3238.76,3350,1671.55,1153109,55622
02-Apr-24,Tue,April,2024,Q2,EQ,3258.95,3285,3240,3252.1,3267.35,3268.75,3259.76,3350,1671.55,868829,55071
01-Apr-24,Mon,April,2024,Q2,EQ,3230.2,3291.8,3207.85,3197.1,3255.2,3252.1,3247.41,3350,1671.55,1292646,71000
